state,year,expanded_medicaid,gop_gov,pct_gop_house,pct_gop_senate,pct_trump_2016,pct_obama_2008,pct_obama_2012,medicaid_multiplier,expansion-beneficiaries,pct_college,pct_christian,pct_evangelical,pct_white,pct_below_fpl,region,pct_unemployed,allows_ballots,pct_urban,drug_overdose,budget-surplus
Alabama,2013,0,1,0.6095238095,0.6571428571,,0.39,0.38,2.177629488,"140,000",0.191820635,0.86,0.49,0.722233755,0.19,6,7.1,0,59,15.2,92.56722999
Alabama,2014,0,1,0.6285714286,0.6571428571,,0.39,0.38,2.136762861,"140,000",0.177707676,0.86,0.49,0.723449001,0.19,6,6.7,0,59,15.2,97.47227926
Alabama,2015,0,1,0.6857142857,0.7428571429,,0.39,0.38,2.224766204,"140,000",0.181208054,0.86,0.49,0.714765101,0.19,6,6.2,0,59,15.7,59.88495564
Alabama,2016,0,1,0.6857142857,0.7428571429,62.08%,0.39,0.38,2.32,"140,000",0.174803475,0.86,0.49,0.70252379,0.17,6,5.8,0,59,16.2,141.6180371
Alabama,2017,0,1,0.6857142857,0.7428571429,0.62,0.39,0.38,2.35,"140,000",0.187008688,0.86,0.49,0.710591643,0.17,6,4.2,0,59,18,141.6180371
Alabama,2018,0,1,0.6666666667,0.7428571429,0.62,0.39,0.38,2.5,"140,000",0.197758871,0.86,0.49,0.706578128,0.17,6,4,0,59,18,141.6180371
Alaska,2013,0,1,0.625,0.65,,0.38,0.41,1,37100,0.196022727,0.62,0.22,0.764204545,0.09,9,7,1,66,16.8,8222.656619
Alaska,2014,0,1,0.65,0.65,,0.38,0.41,1,37100,0.207142857,0.62,0.22,0.782857143,0.13,9,6.9,1,66,16.8,8414.199661
Alaska,2015,1,0,0.575,0.7,,0.38,0.41,1,37100,0.198275862,0.62,0.22,0.681034483,0.1,9,6.5,1,66,16,-5809.796642
Alaska,2016,1,0,0.575,0.7,51.28%,0.38,0.41,1,37100,0.221276596,0.62,0.22,0.70070922,0.11,9,6.9,1,66,16.8,-6945.81571
Alaska,2017,1,0,0.525,0.7,0.51,0.38,0.41,1,37100,0.206751055,0.62,0.22,0.70745429,0.12,9,7,1,66,20.2,-6945.81571
Alaska,2018,1,0,0.525,0.7,0.51,0.38,0.41,1,37100,0.19054242,0.62,0.22,0.687065369,0.11,9,6.6,1,66,20.2,-6945.81571
Arizona,2013,1,1,0.6,0.5666666667,,0.45,0.45,1.913752914,112400,0.199428055,0.67,0.26,0.869656833,0.19,8,7.8,1,89.8,12.6,357.6637215
Arizona,2014,1,1,0.6,0.5666666667,,0.45,0.45,2.051571559,112400,0.201652893,0.67,0.26,0.854695718,0.18,8,6.7,1,89.8,12.6,234.9013603
Arizona,2015,1,1,0.6333333333,0.5666666667,,0.45,0.45,2.170577045,112400,0.210905813,0.67,0.26,0.862550699,0.17,8,6,1,89.8,19,248.7437851
Arizona,2016,1,1,0.6,0.5666666667,48.67%,0.45,0.45,2.22,112400,0.204747774,0.67,0.26,0.874035608,0.17,8,5.4,1,89.8,20.3,226.9392421
Arizona,2017,1,1,0.5833333333,0.5666666667,0.49,0.45,0.45,2.25,112400,0.226415094,0.67,0.26,0.890275762,0.15,8,4.8,1,89.8,22.2,226.9392421
Arizona,2018,1,1,0.5833333333,0.5333333333,0.49,0.45,0.45,2.32,112400,0.237755248,0.67,0.26,0.85491932,0.14,8,4.7,1,89.8,22.2,226.9392421
Arkansas,2013,1,0,0.51,0.6,,0.39,0.37,2.352329869,318300,0.148592999,0.79,0.46,0.804392588,0.19,7,7.3,1,56.2,18.2,101.7159972
Arkansas,2014,1,0,0.51,0.6285714286,,0.39,0.37,2.344481605,318300,0.176470588,0.79,0.46,0.810268616,0.19,7,5.9,1,56.2,18.2,115.8688965
Arkansas,2015,1,1,0.64,0.6857142857,,0.39,0.37,2.434065934,318300,0.161947514,0.79,0.46,0.811118785,0.19,7,5,1,56.2,13.8,291.0487539
Arkansas,2016,1,1,0.64,0.6857142857,60.57%,0.39,0.37,2.33,318300,0.171351168,0.79,0.46,0.816119201,0.17,7,3.9,1,56.2,14,248.0965435
Arkansas,2017,1,1,0.76,0.7428571429,0.61,0.39,0.37,2.3,318300,0.165704584,0.79,0.46,0.81426146,0.16,7,3.7,1,56.2,15.5,248.0965435
Arkansas,2018,1,1,0.75,0.6857142857,0.61,0.39,0.37,2.43,318300,0.181384248,0.79,0.46,0.822366178,0.17,7,3.6,1,56.2,15.5,248.0965435
California,2013,1,0,0.325,0.3,,0.61,0.60,1,3809900,0.230854285,0.63,0.2,0.769172042,0.17,9,8.9,1,95,11.1,265.7820934
California,2014,1,0,0.3125,0.275,,0.61,0.60,1,3809900,0.235608963,0.63,0.2,0.77622396,0.16,9,7.4,1,95,11.1,254.1649801
California,2015,1,0,0.35,0.35,,0.61,0.60,1,3809900,0.23079507,0.63,0.2,0.762564275,0.15,9,6.1,1,95,11.3,409.9447071
California,2016,1,0,0.35,0.35,31.62%,0.61,0.60,1,3809900,0.241627039,0.63,0.2,0.752288183,0.14,9,5.5,1,95,11.2,270.7769528
California,2017,1,0,0.3125,0.325,0.32,0.61,0.60,1,3809900,0.246070226,0.63,0.2,0.753393896,0.13,9,4.7,1,95,11.7,270.7769528
California,2018,1,0,0.3125,0.325,0.32,0.61,0.60,1,3809900,0.258094875,0.63,0.2,0.757293654,0.13,9,4.1,1,95,11.7,270.7769528
Colorado,2013,1,0,0.4461538462,0.4571428571,,0.54,0.51,1,451000,0.292635659,0.64,0.26,0.908527132,0.13,8,6.9,1,86.2,16.3,259.4938156
Colorado,2014,1,0,0.4307692308,0.4857142857,,0.54,0.51,1,451000,0.302984511,0.64,0.26,0.922176048,0.12,8,4.8,1,86.2,16.3,253.8598524
Colorado,2015,1,0,0.4923076923,0.5142857143,,0.54,0.51,1.041232905,451000,0.291612423,0.64,0.26,0.913892505,0.12,8,3.8,1,86.2,15.4,147.0414835
Colorado,2016,1,0,0.4769230769,0.5142857143,43.25%,0.54,0.51,1.03,451000,0.294226158,0.64,0.26,0.912931194,0.11,8,3.3,1,86.2,16.6,40.33159193
Colorado,2017,1,0,0.4307692308,0.5142857143,0.43,0.54,0.51,1,451000,0.313668542,0.64,0.26,0.8987112,0.1,8,2.7,1,86.2,17.6,40.33159193
Colorado,2018,1,0,0.4153846154,0.5142857143,0.43,0.54,0.51,1,451000,0.334055616,0.64,0.26,0.913687252,0.1,8,3.3,1,86.2,17.6,40.33159193
Connecticut,2013,1,0,0.3443708609,0.3888888889,,0.61,0.58,1,213000,0.287134337,0.7,0.13,0.831865947,0.11,1,7.8,0,88,17.6,30.19487039
Connecticut,2014,1,0,0.3509933775,0.3888888889,,0.61,0.58,1,213000,0.288776086,0.7,0.13,0.81500282,0.1,1,6.5,0,88,17.6,-513.0028188
Connecticut,2015,1,0,0.4238410596,0.4166666667,,0.61,0.58,1,213000,0.300447177,0.7,0.13,0.816936836,0.1,1,5.6,0,88,22.1,794.8974999
Connecticut,2016,1,0,0.4238410596,0.4166666667,40.93%,0.61,0.58,1,213000,0.285834267,0.7,0.13,0.830067189,0.09,1,5.1,0,88,27.4,-692.6767086
Connecticut,2017,1,0,0.4768211921,0.5,0.41,0.61,0.58,1,213000,0.311484594,0.7,0.13,0.817086835,0.09,1,4.7,0,88,30.9,-692.6767086
Connecticut,2018,1,0,0.4701986755,0.5,0.41,0.61,0.58,1,213000,0.32490163,0.7,0.13,0.824620573,0.1,1,4,0,88,30.9,-692.6767086
DC,2013,1,,,0.380952381,,0.92,0.91,2.333333333,68600,0.464454976,0.65,0.14,0.451816746,0.19,5,8.5,1,100,,
DC,2014,1,,,,,0.92,0.91,2.333333333,68600,0.465437788,0.65,0.14,0.468509985,0.17,5,7.7,1,100,,
DC,2015,1,,,,,0.92,0.91,2.333333333,68600,0.479452055,0.65,0.14,0.462709285,0.16,5,6.8,1,100,,
DC,2016,1,,,,4.07%,0.92,0.91,2.33,68600,0.46971935,0.65,0.14,0.465288035,0.19,5,6,1,100,,
DC,2017,1,,,,0.04,0.92,0.91,2.33,68600,0.476676385,0.65,0.14,0.472303207,0.16,5,6.2,1,100,,
DC,2018,1,,,,0.04,0.92,0.91,2.33,68600,0.494219653,0.65,0.14,0.473988439,0.17,5,5.5,1,100,,
Delaware,2013,1,0,0.3414634146,12/30,,0.62,0.59,1.255808707,11500,0.218403548,0.69,0.15,0.743902439,0.13,5,6.6,0,83.3,20.9,76.7306709
Delaware,2014,1,0,0.3414634146,0.380952381,,0.62,0.59,1.237637055,11500,0.227973568,0.69,0.15,0.744493392,0.13,5,5.7,0,83.3,20.9,-197.7201001
Delaware,2015,1,0,0.3902439024,0.4285714286,,0.62,0.59,1.156566746,11500,0.234660926,0.69,0.15,0.733046286,0.14,5,4.8,0,83.3,22,58.8562545
Delaware,2016,1,0,0.3902439024,0.4285714286,41.72%,0.62,0.59,1.21,11500,0.223149114,0.69,0.15,0.737226277,0.12,5,4.5,0,83.3,30.8,-376.8429677
Delaware,2017,1,0,,0.4761904762,0.42,0.62,0.59,1.18,11500,0.214135021,0.69,0.15,0.743670886,0.13,5,4.5,0,83.3,37,-376.8429677
Delaware,2018,1,0,0.3902439024,0.4761904762,0.42,0.62,0.59,1.3,"11,500",0.236082474,0.69,0.15,0.708247423,0.12,5,3.7,0,83.3,37,-376.8429677
Florida,2013,0,1,0.6166666667,0.65,,0.51,0.50,1.385496183,"445,000",0.223988741,0.7,0.24,0.795246038,0.17,5,7.2,1,91.2,13.2,441.45
Florida,2014,0,1,0.6166666667,0.65,,0.51,0.50,1.426595487,"445,000",0.222457299,0.7,0.24,0.802363383,0.17,5,6.2,1,91.2,13.2,446.35
Florida,2015,0,1,0.6833333333,0.65,,0.51,0.50,1.482621648,"445,000",0.218691399,0.7,0.24,0.800010136,0.16,5,5.4,1,91.2,16.2,282.38
Florida,2016,0,1,0.675,0.65,49.02%,0.51,0.50,1.54,"445,000",0.21867065,0.7,0.24,0.798108041,0.15,5,4.8,1,91.2,23.7,276.63
Florida,2017,0,0,0.6583333333,0.625,0.49,0.51,0.50,1.57,"445,000",0.236553906,0.7,0.24,0.796495498,0.14,5,4.1,1,91.2,25.1,276.63
Florida,2018,0,0,0.3902439024,0.6,0.49,0.51,0.50,1.62,"445,000",0.24468644,0.7,0.24,0.800783302,0.13,5,3.5,1,91.2,25.1,276.63
Georgia,2013,0,1,0.6611111111,0.6785714286,,0.47,0.45,1.903600465,"267,000",0.215053763,0.79,0.38,0.643196857,0.19,5,8.2,0,75.1,11.9,153.404281
Georgia,2014,0,1,0.6611111111,0.6785714286,,0.47,0.45,1.935133549,"267,000",0.23275774,0.79,0.38,0.643813222,0.19,5,7.2,0,75.1,11.9,151.9402289
Georgia,2015,0,1,0.6666666667,0.6785714286,,0.47,0.45,2.024803388,"267,000",0.208028098,0.79,0.38,0.635022579,0.17,5,5.9,0,75.1,12.7,212.1466599
Georgia,2016,0,1,0.6555555556,0.6964285714,50.77%,0.47,0.45,2.08,"267,000",0.218703612,0.79,0.38,0.627906977,0.16,5,5.3,0,75.1,13.3,331.3566505
Georgia,2017,0,1,0.6555555556,0.6785714286,0.51,0.47,0.45,2.11,"267,000",0.235385663,0.79,0.38,0.624550141,0.15,5,4.6,0,75.1,14.7,331.3566505
Georgia,2018,0,1,0.6333333333,0.6428571429,0.51,0.47,0.45,2.17,"267,000",0.234732639,0.79,0.38,0.616051427,0.14,5,3.8,0,75.1,14.7,331.3566505
Hawaii,2013,1,1,0.137254902,0.04,,0.72,0.71,1.077274616,22500,0.219026549,0.63,0.25,0.37020649,0.11,9,4.8,0,91.9,10.9,224.8762998
Hawaii,2014,1,0,0.137254902,0.04,,0.72,0.71,1.076843198,22500,0.227007299,0.63,0.25,0.345255474,0.12,9,4.3,0,91.9,10.9,-84.39047803
Hawaii,2015,1,0,851,0.04,,0.72,0.71,1.093364036,22500,0.218315018,0.63,0.25,0.358241758,0.11,9,3.5,0,91.9,11.3,172.7439482
Hawaii,2016,1,0,0.137254902,0.04,30.03%,0.72,0.71,1.17,22500,0.232323232,0.63,0.25,0.351370851,0.09,9,3,0,91.9,12.8,332.178555
Hawaii,2017,1,0,0.1176470588,0,0.30,0.72,0.71,1.22,22500,0.25,0.63,0.25,0.34841954,0.11,9,2.3,0,91.9,13.8,332.178555
Hawaii,2018,1,0,0.6333333333,0,0.30,0.72,0.71,1.21,"22,500",0.277382646,0.63,0.25,0.354907539,0.09,9,2.5,0,91.9,13.8,332.178555
Idaho,2013,0,0,0.8142857143,0.8,,0.36,0.33,2.448275862,"78,000",0.182389937,0.67,0.21,0.959748428,0.16,8,6.1,1,70.6,13.7,379.2686092
Idaho,2014,0,1,0.8142857143,0.8,,0.36,0.33,2.526093089,"78,000",0.170226131,0.67,0.21,0.958542714,0.15,8,4.8,1,70.6,13.7,606.3157045
Idaho,2015,0,0,0.8,0.8,,0.36,0.33,2.539823009,"78,000",0.191304348,0.67,0.21,0.958385093,0.14,8,4.2,1,70.6,14.2,473.5632646
Idaho,2016,0,0,0.8,0.8,59.26%,0.36,0.33,2.48,"78,000",0.18384569,0.67,0.21,0.969861362,0.14,8,3.8,1,70.6,15.2,240.0745036
Idaho,2017,0,1,0.8428571429,0.8285714286,0.59,0.36,0.33,2.51,"78,000",0.201905896,0.67,0.21,0.962477665,0.13,8,3.2,1,70.6,14.4,240.0745036
Idaho,2018,1,1,0.8428571429,0.8285714286,0.59,0.36,0.33,2.47,"78,000",0.200807848,0.67,0.21,0.961338719,0.12,8,2.8,1,70.6,14.4,240.0745036
Illinois,2013,1,1,0.3983050847,0.3220338983,,0.62,0.58,1,663500,0.245740755,0.71,0.2,0.801758656,0.15,3,9.1,1,88.5,13.1,-3.910123343
Illinois,2014,1,0,0.3983050847,0.3220338983,,0.62,0.58,1,663500,0.242009846,0.71,0.2,0.810736891,0.14,3,6.9,1,88.5,13.1,-40.98003265
Illinois,2015,1,1,0.3983050847,0.3389830508,,0.62,0.58,1.030869212,663500,0.257071417,0.71,0.2,0.798406001,0.14,3,5.9,1,88.5,14.1,-28.03883363
Illinois,2016,1,1,0.3983050847,0.3389830508,38.76%,0.62,0.58,1.04,663500,0.26948512,0.71,0.2,0.791450165,0.13,3,5.8,1,88.5,18.9,-450.1024447
Illinois,2017,1,1,0.4322033898,0.5945945946,0.39,0.62,0.58,1.05,663500,0.269215515,0.71,0.2,0.784722773,0.13,3,4.9,1,88.5,21.6,-450.1024447
Illinois,2018,1,1,0.4322033898,0.3728813559,0.39,0.62,0.58,1.03,663500,0.272734474,0.71,0.2,0.78398289,0.12,3,4.2,1,88.5,21.6,-450.1024447
Indiana,2013,0,1,0.69,0.74,,0.50,0.44,2.045066991,322700,0.162098299,0.72,0.31,0.884530561,0.16,3,7.6,0,72.4,18.2,155.3446374
Indiana,2014,0,1,0.69,0.74,,0.50,0.44,2.022974607,322700,0.170206121,0.72,0.31,0.888663335,0.15,3,5.9,0,72.4,18.2,182.3583398
Indiana,2015,1,1,0.7,0.8,,0.50,0.44,1.986857826,322700,0.183698672,0.72,0.31,0.867706082,0.15,3,4.7,0,72.4,19.5,288.9193572
Indiana,2016,1,1,0.7,0.8,56.82%,0.50,0.44,1.99,322700,0.187960688,0.72,0.31,0.879914005,0.14,3,4.4,0,72.4,24,-14.31980115
Indiana,2017,1,1,0.7,0.82,0.57,0.50,0.44,2.01,322700,0.212055974,0.72,0.31,0.884976165,0.14,3,3.5,0,72.4,29.4,-14.31980115
Indiana,2018,1,1,0.7,0.8,0.57,0.50,0.44,1.91,322700,0.199389313,0.72,0.31,0.88259542,0.13,3,3.5,0,72.4,29.4,-14.31980115
Iowa,2013,1,1,0.53,0.46,,0.54,0.52,1.474634991,143400,0.197809492,0.77,0.28,0.936276137,0.13,4,4.7,0,64,8.8,380.1927441
Iowa,2014,1,1,0.53,0.48,,0.54,0.52,1.37699073,143400,0.185281667,0.77,0.28,0.929013351,0.12,4,4.2,0,64,8.8,253.1765538
Iowa,2015,1,1,0.57,0.48,,0.54,0.52,1.249212776,143400,0.206101915,0.77,0.28,0.93865628,0.13,4,3.7,0,64,10.3,181.065981
Iowa,2016,1,1,0.57,0.48,51.15%,0.54,0.52,1.22,143400,0.218961625,0.77,0.28,0.933892293,0.11,4,3.6,0,64,10.6,182.1859429
Iowa,2017,1,1,0.59,0.58,0.51,0.54,0.52,1.31,143400,0.231487444,0.77,0.28,0.934642627,0.1,4,3.1,0,64,11.5,182.1859429
Iowa,2018,1,1,0.59,0.58,0.51,0.54,0.52,1.41,"143,400",0.224549918,0.77,0.28,0.925040917,0.11,4,2.4,0,64,11.5,182.1859429
Kansas,2013,0,1,0.72,0.775,,0.42,0.38,1.299379168,"46,000",0.225396825,0.76,0.31,0.894532628,0.14,4,5.3,0,74.2,11.7,197.8590282
Kansas,2014,0,1,0.736,0.64,,0.42,0.38,1.320724066,"46,000",0.242168251,0.76,0.31,0.87469201,0.14,4,4.5,0,74.2,11.7,27.54927072
Kansas,2015,0,1,0.784,0.8,,0.42,0.38,1.305741296,"46,000",0.225727305,0.76,0.31,0.87276551,0.13,4,4.1,0,74.2,11.8,-76.78142699
Kansas,2016,0,1,0.776,0.8,56.65%,0.42,0.38,1.27,"46,000",0.234221599,0.76,0.31,0.895511921,0.12,4,4.1,0,74.2,11.1,-282.9698045
Kansas,2017,0,1,0.68,0.775,0.57,0.42,0.38,1.28,"46,000",0.232111693,0.76,0.31,0.896335079,0.12,4,3.6,0,74.2,11.8,-282.9698045
Kansas,2018,0,1,0.68,0.775,0.57,0.42,0.38,1.21,"46,000",0.246522949,0.76,0.31,0.902294854,0.12,4,3.3,0,74.2,11.8,-282.9698045
Kentucky,2013,1,0,0.45,0.5789473684,,0.41,0.38,2.395585739,479600,0.156637575,0.76,0.49,0.905144695,0.18,6,8.1,0,58.4,24.7,-25.30387606
Kentucky,2014,1,0,0.46,0.46,,0.41,0.38,2.314550878,479600,0.179821551,0.76,0.49,0.899565317,0.19,6,6.3,0,58.4,24.7,-101.7207787
Kentucky,2015,1,1,0.46,0.6666666667,,0.41,0.38,2.326679973,479600,0.189759036,0.76,0.49,0.889944393,0.18,6,5.2,0,58.4,29.9,123.6358373
Kentucky,2016,1,1,0.44,0.7105263158,62.52%,0.41,0.38,2.37,479600,0.194159252,0.76,0.49,0.898471367,0.19,6,5.1,0,58.4,33.5,-124.7706207
Kentucky,2017,1,1,0.64,0.7105263158,0.63,0.41,0.38,2.39,479600,0.176162261,0.76,0.49,0.899726527,0.17,6,5,0,58.4,37.2,-124.7706207
Kentucky,2018,1,1,0.63,0.7105263158,0.63,0.41,0.38,2.47,479600,0.186890451,0.76,0.49,0.899070084,0.17,6,4.4,0,58.4,37.2,-124.7706207
Louisiana,2013,0,1,0.5523809524,0.6153846154,,0.40,0.41,1.57997936,445800,0.171255876,0.84,0.27,0.661070069,0.2,7,6.8,0,73.2,16.9,-188.0991862
Louisiana,2014,0,1,0.5619047619,0.5619047619,,0.40,0.41,1.562788314,445800,0.18316722,0.84,0.27,0.648947951,0.2,7,6.5,0,73.2,16.9,-219.1627124
Louisiana,2015,0,0,0.5619047619,0.6842105263,,0.40,0.41,1.635046113,445800,0.162387536,0.84,0.27,0.649111257,0.19,7,6.1,0,73.2,19,-0.335010757
Louisiana,2016,1,1,0.580952381,0.641025641,58.09%,0.40,0.41,1.65,445800,0.1785404,0.84,0.27,0.643136403,0.2,7,6.1,0,73.2,21.8,11.04179581
Louisiana,2017,1,1,0.5714285714,0.641025641,0.58,0.40,0.41,1.65,445800,0.174530363,0.84,0.27,0.646352119,0.2,7,5,0,73.2,24.5,11.04179581
Louisiana,2018,1,1,0.580952381,0.641025641,0.58,0.40,0.41,1.75,445800,0.16542015,0.84,0.27,0.640123185,0.19,7,5,0,73.2,24.5,11.04179581
Maine,2013,0,1,0.3973509934,0.4285714286,,0.58,0.56,1.671653754,25000,0.218468468,0.6,0.14,0.977477477,0.13,1,6.6,1,38.7,16.8,246.7569991
Maine,2014,0,1,0.3841059603,0.4285714286,,0.58,0.56,1.600780234,25000,0.241615854,0.6,0.14,0.973323171,0.15,1,5.6,1,38.7,16.8,-20.75926356
Maine,2015,0,1,0.4503311258,0.5714285714,,0.58,0.56,1.623294858,25000,0.215384615,0.6,0.14,0.954615385,0.13,1,4.3,1,38.7,21.2,372.1196515
Maine,2016,0,1,0.4635761589,0.5714285714,44.87%,0.58,0.56,1.68,25000,0.23099851,0.6,0.14,0.951564829,0.13,1,3.8,1,38.7,28.7,252.2135159
Maine,2017,1,0,0.4768211921,0.5142857143,0.45,0.58,0.56,1.81,25000,0.2397882,0.6,0.14,0.967473525,0.11,1,3.4,1,38.7,34.4,252.2135159
Maine,2018,1,0,0.4635761589,0.5142857143,0.45,0.58,0.56,1.8,25000,0.234268385,0.6,0.14,0.970432146,0.11,1,3.4,1,38.7,34.4,252.2135159
Maryland,2013,1,0,0.304964539,0.2553191489,,0.62,0.62,1,306700,0.295134769,0.69,0.18,0.621122224,0.1,5,6.6,1,87.2,17.4,-10.53770959
Maryland,2014,1,0,0.304964539,0.2340425532,,0.62,0.62,1,306700,0.293355761,0.69,0.18,0.5941127,0.1,5,5.8,1,87.2,17.4,-124.258278
Maryland,2015,1,1,0.3617021277,0.2978723404,,0.62,0.62,1,306700,0.301397542,0.69,0.18,0.631924566,0.1,5,5,1,87.2,20.9,89.46465216
Maryland,2016,1,1,0.3546099291,0.2978723404,39.15%,0.62,0.62,1,306700,0.29559322,0.69,0.18,0.619322034,0.09,5,4.4,1,87.2,33.2,130.2622628
Maryland,2017,1,1,0.3617021277,0.2978723404,0.34,0.62,0.62,1,306700,0.305410416,0.69,0.18,0.63070959,0.09,5,4.2,1,87.2,36.3,130.2622628
Maryland,2018,1,1,0.3475177305,0.2978723404,0.34,0.62,0.62,1,306700,0.324360475,0.69,0.18,0.61896004,0.09,5,3.9,1,87.2,36.3,130.2622628
Massachusetts,2013,1,0,0.18125,0.1,,0.62,0.61,1,0,0.3078327,0.58,0.09,0.850190114,0.12,1,6.8,1,92,19,-174.6539449
Massachusetts,2014,1,0,0.18125,0.1,,0.62,0.61,1,0,0.311296437,0.58,0.09,0.846550417,0.12,1,5.7,1,92,19,-346.7118061
Massachusetts,2015,1,1,0.21875,0.15,,0.62,0.61,1,0,0.337188345,0.58,0.09,0.833283268,0.11,1,4.8,1,92,25.7,-323.8262473
Massachusetts,2016,1,1,0.2125,0.125,51.26%,0.62,0.61,1,0,0.351164162,0.58,0.09,0.843501326,0.11,1,3.7,1,92,33,-490.7123381
Massachusetts,2017,1,1,0.21875,0.15,0.33,0.62,0.61,1,0,0.346312684,0.58,0.09,0.83480826,0.1,1,3.8,1,92,31.8,-490.7123381
Massachusetts,2018,1,1,0.2125,0.175,0.33,0.62,0.61,1,0,0.341699692,0.58,0.09,0.832232497,0.1,1,3.3,1,92,31.8,-490.7123381
Michigan,2013,1,1,0.5363636364,0.6842105263,,0.57,0.54,1.975304969,634300,0.205420388,0.7,0.25,0.815829997,0.17,3,8.8,1,74.6,18,265.1923079
Michigan,2014,1,1,0.5363636364,0.6842105263,,0.57,0.54,1.96912114,634300,0.198111292,0.7,0.25,0.803818034,0.16,3,7.2,1,74.6,18,64.6009483
Michigan,2015,1,1,0.5727272727,0.7105263158,,0.57,0.54,1.901915264,634300,0.197557036,0.7,0.25,0.819099536,0.16,3,5.3,1,74.6,20.4,139.5310258
Michigan,2016,1,1,0.5545454545,0.7105263158,33.91%,0.57,0.54,1.91,634300,0.215270736,0.7,0.25,0.822145609,0.15,3,5,1,74.6,24.4,160.4599982
Michigan,2017,1,1,0.5727272727,0.7105263158,0.48,0.57,0.54,1.87,634300,0.237844941,0.7,0.25,0.823410492,0.14,3,4.5,1,74.6,27.8,160.4599982
Michigan,2018,1,1,0.5727272727,0.7105263158,0.48,0.57,0.54,1.84,634300,0.250529714,0.7,0.25,0.818181818,0.14,3,4,1,74.6,27.8,160.4599982
Minnesota,2013,1,0,0.4552238806,0.4179104478,,0.54,0.53,1,205900,0.255740153,0.74,0.19,0.889117043,0.11,4,4.9,0,73.3,9.6,447.5392879
Minnesota,2014,1,0,0.4552238806,0.4179104478,,0.54,0.53,1,205900,0.25106383,0.74,0.19,0.893432007,0.11,4,4,0,73.3,9.6,382.5327718
Minnesota,2015,1,1,0.5373134328,0.4179104478,,0.54,0.53,1,205900,0.261671895,0.74,0.19,0.859568186,0.1,4,3.7,0,73.3,10.6,369.640933
Minnesota,2016,1,1,0.5373134328,0.4029850746,32.81%,0.54,0.53,1,205900,0.282262493,0.74,0.19,0.879919458,0.1,4,3.9,0,73.3,12.5,312.7353281
Minnesota,2017,1,1,0.5746268657,0.5074626866,0.45,0.54,0.53,1,205900,0.246827294,0.74,0.19,0.876034578,0.1,4,3.4,0,73.3,13.3,312.7353281
Minnesota,2018,1,1,0.5671641791,0.5074626866,0.45,0.54,0.53,1,"205,900",0.242440413,0.74,0.19,0.866239772,0.1,4,2.8,0,73.3,13.3,312.7353281
Mississippi,2013,0,1,0.5163934426,0.5769230769,,0.43,0.44,2.763643207,"103,000",0.155440415,0.83,0.41,0.609326425,0.24,6,8.5,1,49.4,11.6,169.1136094
Mississippi,2014,0,1,0.5327868852,0.6153846154,,0.43,0.44,2.710575139,"103,000",0.167465753,0.83,0.41,0.608219178,0.22,6,7.5,1,49.4,11.6,176.6337467
Mississippi,2015,0,0,0.5409836066,0.5961538462,,0.43,0.44,2.785011355,"103,000",0.149747049,0.83,0.41,0.616526138,0.22,6,6.3,1,49.4,12.3,136.4583161
Mississippi,2016,0,0,0.5983606557,0.6153846154,47.50%,0.43,0.44,2.87,"103,000",0.145473042,0.83,0.41,0.590708715,0.21,6,5.8,1,49.4,12.1,323.2922657
Mississippi,2017,0,0,0.606557377,0.6153846154,0.58,0.43,0.44,2.94,"103,000",0.151628223,0.83,0.41,0.612279512,0.2,6,5.1,1,49.4,12.2,323.2922657
Mississippi,2018,0,0,0.5983606557,0.6153846154,0.58,0.43,0.44,3.11,"103,000",0.167400881,0.83,0.41,0.606912911,0.2,6,4.7,1,49.4,12.2,323.2922657
Missouri,2013,0,0,0.6748466258,0.7058823529,,0.49,0.44,1.588661662,"124,000",0.21012913,0.77,0.36,0.856615797,0.16,4,6.8,1,70.4,18.2,190.5210502
Missouri,2014,0,1,0.6625766871,0.7058823529,,0.49,0.44,1.633658151,"124,000",0.198001665,0.77,0.36,0.864945878,0.15,4,6,1,70.4,18.2,99.66404415
Missouri,2015,0,1,0.717791411,0.7352941176,,0.49,0.44,1.735978112,"124,000",0.228485153,0.77,0.36,0.863613488,0.15,4,4.9,1,70.4,17.9,214.2793528
Missouri,2016,0,1,0.717791411,0.7352941176,44.92%,0.49,0.44,1.72,"124,000",0.230756331,0.77,0.36,0.860472916,0.14,4,4.8,1,70.4,23.6,107.7846709
Missouri,2017,0,1,0.717791411,0.7352941176,0.57,0.49,0.44,1.72,"124,000",0.217694006,0.77,0.36,0.857361182,0.13,4,3.7,1,70.4,23.4,107.7846709
Missouri,2018,0,1,0.6871165644,0.7352941176,0.57,0.49,0.44,1.83,"124,000",0.229973298,0.77,0.36,0.846628838,0.13,4,3,1,70.4,23.4,107.7846709
Montana,2013,0,0,0.63,0.54,,0.47,0.42,1.941176471,85200,0.217782218,0.65,0.28,0.937062937,0.17,8,5.4,1,55.9,12.4,503.6049924
Montana,2014,0,0,0.61,0.58,,0.47,0.42,1.97000297,85200,0.194610778,0.65,0.28,0.916167665,0.16,8,4.6,1,55.9,12.4,414.6460772
Montana,2015,1,0,0.59,0.58,,0.47,0.42,1.93255132,85200,0.236868186,0.65,0.28,0.944499504,0.15,8,4.2,1,55.9,13.8,430.8101562
Montana,2016,1,0,0.59,0.58,57.94%,0.47,0.42,1.88,85200,0.227897839,0.65,0.28,0.94302554,0.13,8,4.1,1,55.9,11.7,261.7129647
Montana,2017,1,1,0.59,0.64,0.56,0.47,0.42,1.9,85200,0.244208494,0.65,0.28,0.942084942,0.13,8,4,1,55.9,11.7,261.7129647
Montana,2018,1,1,0.64,0.64,0.56,0.47,0.42,1.89,85200,0.245192308,0.65,0.28,0.939423077,0.12,8,3.7,1,55.9,11.7,261.7129647
Nebraska,2013,0,1,,,,0.42,0.38,1.26039783,16000,0.216216216,0.75,0.25,0.892432432,0.13,4,3.8,1,73.1,7.2,313.5208103
Nebraska,2014,0,0,,,,0.42,0.38,1.209456474,16000,0.228184282,0.75,0.25,0.916531165,0.13,4,3.2,1,73.1,7.2,298.4425938
Nebraska,2015,0,0,,,,0.42,0.38,1.139952921,16000,0.219564062,0.75,0.25,0.902711324,0.13,4,3,1,73.1,6.9,160.3947692
Nebraska,2016,0,0,,,56.77%,0.42,0.38,1.05,16000,0.234408602,0.75,0.25,0.916129032,0.12,4,3.1,1,73.1,6.4,-0.014549194
Nebraska,2017,0,0,,,0.59,0.42,0.38,1.08,16000,0.239872068,0.75,0.25,0.917910448,0.11,4,2.9,1,73.1,8.1,-0.014549194
Nebraska,2018,1,0,,,0.59,0.42,0.38,1.11,16000,0.21884984,0.75,0.25,0.912673056,0.11,4,2.7,1,73.1,8.1,-0.014549194
Nevada,2013,1,1,0.3571428571,0.4761904762,,0.55,0.52,1.483854943,211700,0.154014599,0.66,0.2,0.792335766,0.16,8,9.6,1,94.2,18.4,240.2810517
Nevada,2014,1,1,0.3571428571,0.4761904762,,0.55,0.52,1.7100271,211700,0.163768116,0.66,0.2,0.789492754,0.15,8,7.8,1,94.2,18.4,177.0361234
Nevada,2015,1,1,0.6428571429,0.5238095238,,0.55,0.52,1.805836139,211700,0.183492738,0.66,0.2,0.772582359,0.15,8,6.7,1,94.2,20.4,206.9102712
Nevada,2016,1,1,0.5952380952,0.5238095238,56.17%,0.55,0.52,1.85,211700,0.185211022,0.66,0.2,0.763167074,0.14,8,5.7,1,94.2,21.7,520.5713629
Nevada,2017,1,1,0.3571428571,0.4285714286,0.46,0.55,0.52,1.83,211700,0.169215087,0.66,0.2,0.780496092,0.13,8,5,1,94.2,21.6,520.5713629
Nevada,2018,1,1,0.3333333333,0.4285714286,0.46,0.55,0.52,1.92,211700,0.165327979,0.66,0.2,0.797188755,0.13,8,4.5,1,94.2,21.6,520.5713629
New Hampshire,2013,0,0,0.445,0.5416666667,,0.54,0.52,1,56700,0.291603053,0.59,0.13,0.95648855,0.09,1,5,0,60.3,26.2,200.6417239
New Hampshire,2014,1,0,0.4475,0.5416666667,,0.54,0.52,1,56700,0.2784522,0.59,0.13,0.959787557,0.09,1,4.2,0,60.3,26.2,18.57968529
New Hampshire,2015,1,0,0.5975,0.5833333333,,0.54,0.52,1,56700,0.283333333,0.59,0.13,0.956060606,0.08,1,3.3,0,60.3,34.3,47.19782039
New Hampshire,2016,1,0,0.5975,0.5833333333,58.75%,0.54,0.52,1,56700,0.297757154,0.59,0.13,0.951276102,0.07,1,2.9,0,60.3,39,412.7802397
New Hampshire,2017,1,1,0.5625,0.5833333333,0.47,0.54,0.52,1,56700,0.295902883,0.59,0.13,0.961305008,0.07,1,2.7,0,60.3,37,412.7802397
New Hampshire,2018,1,1,0.545,0.5833333333,0.47,0.54,0.52,1,56700,0.300149701,0.59,0.13,0.944610778,0.07,1,2.5,0,60.3,37,412.7802397
New Jersey,2013,1,1,0.4,0.4,,0.57,0.58,1,580200,0.274842407,0.67,0.13,0.764355301,0.11,2,8.3,0,94.7,14,-499.1096943
New Jersey,2014,1,1,0.4,0.4,,0.57,0.58,1,580200,0.266696802,0.67,0.13,0.759181828,0.11,2,6.6,0,94.7,14,-402.4067594
New Jersey,2015,1,1,0.4,0.4,,0.57,0.58,1,580200,0.291531491,0.67,0.13,0.756572324,0.11,2,5.7,0,94.7,16.3,-687.9432262
New Jersey,2016,1,1,0.3625,0.4,56.18%,0.57,0.58,1,580200,0.302616864,0.67,0.13,0.742451353,0.1,2,5,0,94.7,23.2,-797.8653371
New Jersey,2017,1,1,0.35,0.4,0.41,0.57,0.58,1,580200,0.303095346,0.67,0.13,0.741979214,0.1,2,4.6,0,94.7,30,-797.8653371
New Jersey,2018,1,0,0.325,0.375,0.41,0.57,0.58,1,580200,0.306660756,0.67,0.13,0.753186302,0.09,2,4,0,94.7,30,-797.8653371
New Mexico,2013,1,1,0.4571428571,0.4047619048,,0.57,0.53,2.233107016,268500,0.20270924,0.75,0.23,0.826318336,0.23,8,6.9,1,77.4,27.3,207.467453
New Mexico,2014,1,1,0.4714285714,0.4047619048,,0.57,0.53,2.246753247,268500,0.207619048,0.75,0.23,0.84047619,0.21,8,6.7,1,77.4,27.3,500.1544252
New Mexico,2015,1,1,0.5285714286,0.4047619048,,0.57,0.53,2.294892916,268500,0.204422604,0.75,0.23,0.811793612,0.21,8,6.5,1,77.4,25.3,388.3292571
New Mexico,2016,1,1,0.5285714286,0.4047619048,47.16%,0.57,0.53,2.38,268500,0.186183244,0.75,0.23,0.801567859,0.2,8,6.7,1,77.4,25.2,-489.9681165
New Mexico,2017,1,1,0.4571428571,0.380952381,0.40,0.57,0.53,2.46,268500,0.190709046,0.75,0.23,0.812713936,0.2,8,5.8,1,77.4,24.8,-489.9681165
New Mexico,2018,1,1,0.4571428571,0.380952381,0.40,0.57,0.53,2.59,268500,0.192176039,0.75,0.23,0.821026895,0.2,8,4.8,1,77.4,24.8,-489.9681165
New York,2013,1,0,0.2866666667,0.4761904762,,0.63,0.63,1,524000,0.257954369,0.6,0.1,0.736923793,0.16,2,7.7,0,87.9,11.3,-17.06537064
New York,2014,1,0,0.2666666667,0.4603174603,,0.63,0.63,1,524000,0.264473819,0.6,0.1,0.724305769,0.16,2,6.2,0,87.9,11.3,126.8358291
New York,2015,1,0,0.2933333333,0.5,,0.63,0.63,1,524000,0.283195284,0.6,0.1,0.714060674,0.15,2,5.2,0,87.9,13.6,324.3428847
New York,2016,1,0,0.2933333333,0.5079365079,73.92%,0.63,0.63,1,524000,0.283879157,0.6,0.1,0.729322163,0.15,2,4.9,0,87.9,18,16.35833236
New York,2017,1,0,0.2866666667,0.4920634921,0.37,0.63,0.63,1,524000,0.283646443,0.6,0.1,0.7197413,0.14,2,4.7,0,87.9,19.4,16.35833236
New York,2018,1,0,0.2466666667,0.5166666667,0.37,0.63,0.63,1,"524,000",0.300718769,0.6,0.1,0.714668961,0.14,2,4,0,87.9,19.4,16.35833236
North Carolina,2013,0,1,0.6416666667,0.64,,0.50,0.48,1.899391128,"215,000",0.192064643,0.77,0.35,0.716979177,0.18,5,7.9,0,66.1,13.8,295.6374671
North Carolina,2014,0,1,0.6416666667,0.66,,0.50,0.48,1.92226768,"215,000",0.201369437,0.77,0.35,0.708787219,0.17,5,6.3,0,66.1,13.8,406.7803861
North Carolina,2015,0,1,0.6166666667,0.68,,0.50,0.48,1.930832356,"215,000",0.21746645,0.77,0.35,0.719804799,0.17,5,5.8,0,66.1,15.8,499.0698836
North Carolina,2016,0,1,0.6166666667,0.68,45.98%,0.50,0.48,1.96,"215,000",0.225409008,0.77,0.35,0.733286205,0.16,5,5,0,66.1,19.7,529.9497733
North Carolina,2017,0,0,0.6166666667,0.7,0.50,0.50,0.48,2.02,"215,000",0.236293206,0.77,0.35,0.729539134,0.15,5,4.4,0,66.1,24.1,529.9497733
North Carolina,2018,0,0,0.625,0.7,0.50,0.50,0.48,2.09,"215,000",0.241633524,0.77,0.35,0.718498399,0.14,5,3.8,0,66.1,24.1,529.9497733
North Dakota,2013,1,1,0.7553191489,0.7021276596,,0.45,0.39,1.095118374,20000,0.232323232,0.77,0.22,0.877344877,0.12,4,2.9,1,59.9,6.3,4517.763741
North Dakota,2014,1,1,0.7553191489,0.7021276596,,0.45,0.39,1,20000,0.226441632,0.77,0.22,0.872011252,0.12,4,2.7,1,59.9,6.3,4353.597794
North Dakota,2015,1,1,0.7553191489,0.6595744681,,0.45,0.39,1,20000,0.214188267,0.77,0.22,0.915416098,0.12,4,2.8,1,59.9,8.6,2845.17928
North Dakota,2016,1,1,0.7553191489,0.6808510638,46.61%,0.45,0.39,1,20000,0.229357798,0.77,0.22,0.904325033,0.12,4,3.1,1,59.9,10.6,-137.4716539
North Dakota,2017,1,1,0.8617021277,0.8085106383,0.63,0.45,0.39,1,20000,0.228304406,0.77,0.22,0.901201602,0.1,4,2.6,1,59.9,9.2,-137.4716539
North Dakota,2018,1,1,0.8617021277,0.8085106383,0.63,0.45,0.39,1,20000,0.215343203,0.77,0.22,0.890982503,0.1,4,2.6,1,59.9,9.2,-137.4716539
Ohio,2013,1,1,0.6060606061,0.696969697,,0.52,0.51,1.745744097,655000,0.18271843,0.73,0.29,0.856980107,0.16,3,7.6,1,77.9,24.6,166.5925888
Ohio,2014,1,1,0.6060606061,0.696969697,,0.52,0.51,1.704164413,655000,0.188812407,0.73,0.29,0.854055938,0.16,3,5.7,1,77.9,24.6,281.6288225
Ohio,2015,1,1,0.6565656566,0.696969697,,0.52,0.51,1.676659529,655000,0.19018724,0.73,0.29,0.851334951,0.15,3,4.8,1,77.9,29.9,88.11286188
Ohio,2016,1,1,0.6565656566,0.696969697,41.00%,0.52,0.51,1.66,655000,0.200943149,0.73,0.29,0.845777661,0.14,3,5,1,77.9,39.1,63.07796383
Ohio,2017,1,1,0.6666666667,0.7272727273,0.52,0.52,0.51,1.65,655000,0.213444939,0.73,0.29,0.84793792,0.14,3,5,1,77.9,46.3,63.07796383
Ohio,2018,1,1,0.6464646465,0.7272727273,0.52,0.52,0.51,1.69,"655,000",0.22311828,0.73,0.29,0.8473812,0.14,3,4.6,1,77.9,46.3,63.07796383
Oklahoma,2013,0,1,0.7128712871,0.75,,0.34,0.33,1.777777778,"111,000",0.165320409,0.79,0.47,0.817716747,0.17,7,5.3,1,66.2,20.3,253.6328166
Oklahoma,2014,0,1,0.7128712871,0.75,,0.34,0.33,1.779321845,"111,000",0.157173563,0.79,0.47,0.81972058,0.16,7,4.4,1,66.2,20.3,263.3663709
Oklahoma,2015,0,1,0.7128712871,0.8333333333,,0.34,0.33,1.652519894,"111,000",0.177445216,0.79,0.47,0.810796366,0.16,7,4.4,1,66.2,19,342.2153694
Oklahoma,2016,0,1,0.702970297,0.8125,40.04%,0.34,0.33,1.56,"111,000",0.174481168,0.79,0.47,0.797847809,0.16,7,4.9,1,66.2,21.5,-170.6788807
Oklahoma,2017,0,1,0.7425742574,0.875,0.65,0.34,0.33,1.5,"111,000",0.212445805,0.79,0.47,0.800561081,0.15,7,4.2,1,66.2,20.1,-170.6788807
Oklahoma,2018,0,1,0.7128712871,0.8333333333,0.65,0.34,0.33,1.41,"111,000",0.198275862,0.79,0.47,0.810344828,0.15,7,3.2,1,66.2,20.1,-170.6788807
Oregon,2013,1,0,0.4333333333,0.4666666667,,0.57,0.54,1.662406816,417900,0.217436162,0.61,0.29,0.910497808,0.17,9,7.8,1,81,12.8,446.9225619
Oregon,2014,1,0,0.4333333333,0.696969697,,0.57,0.54,1.712967987,417900,0.222786095,0.61,0.29,0.904085258,0.16,9,6.7,1,81,12.8,304.0267334
Oregon,2015,1,0,0.4166666667,0.4,,0.57,0.54,1.782415136,417900,0.232458354,0.61,0.29,0.909893993,0.15,9,5.6,1,81,12,-9.261535707
Oregon,2016,1,0,0.4166666667,0.4,36.52%,0.57,0.54,1.81,417900,0.240763699,0.61,0.29,0.929580957,0.13,9,4.9,1,81,11.9,-33.37807945
Oregon,2017,1,0,0.4166666667,0.4333333333,0.39,0.57,0.54,1.81,417900,0.257869249,0.61,0.29,0.925181598,0.13,9,4.1,1,81,12.4,-33.37807945
Oregon,2018,1,0,0.4166666667,0.4333333333,0.39,0.57,0.54,1.75,417900,0.26994302,0.61,0.29,0.921889839,0.12,9,4,1,81,12.4,-33.37807945
Pennsylvania,2013,0,1,0.5418719212,0.54,,0.54,0.52,1.187226597,758200,0.215726442,0.73,0.19,0.860226915,0.14,2,7.3,0,78.7,21.9,70.85228665
Pennsylvania,2014,0,1,0.5467980296,0.54,,0.54,0.52,1.151462995,758200,0.229798574,0.73,0.19,0.855944823,0.14,2,5.8,0,78.7,21.9,-56.41296945
Pennsylvania,2015,1,0,0.5862068966,0.6,,0.54,0.52,1.075550021,758200,0.229666587,0.73,0.19,0.850399937,0.13,2,5.3,0,78.7,26.3,111.9714419
Pennsylvania,2016,1,0,0.5812807882,0.6,49.83%,0.54,0.52,1.08,758200,0.239361702,0.73,0.19,0.836376628,0.13,2,5.5,0,78.7,37.9,62.249364
Pennsylvania,2017,1,0,0.6009852217,0.68,0.48,0.54,0.52,1.07,758200,0.237219302,0.73,0.19,0.834766683,0.13,2,4.8,0,78.7,44.3,62.249364
Pennsylvania,2018,1,0,0.5911330049,0.68,0.48,0.54,0.52,1.08,758200,0.252321613,0.73,0.19,0.834510675,0.12,2,4.2,0,78.7,44.3,62.249364
Rhode Island,2013,1,0,0.08,0.1315789474,,0.63,0.63,1.051702913,72000,0.254826255,0.75,0.14,0.871621622,0.14,1,9.3,0,90.7,23.4,362.2707049
Rhode Island,2014,1,0,0.08,0.1315789474,,0.63,0.63,1.004409701,72000,0.267175573,0.75,0.14,0.866412214,0.14,1,7.5,0,90.7,23.4,280.1771266
Rhode Island,2015,1,0,0.1466666667,0.1315789474,,0.63,0.63,1,72000,0.259541985,0.75,0.14,0.86259542,0.14,1,5.9,0,90.7,28.2,453.5161455
Rhode Island,2016,1,0,0.1466666667,0.1315789474,62.96%,0.63,0.63,1.02,72000,0.250717703,0.75,0.14,0.862200957,0.13,1,5.3,0,90.7,30.8,225.2339492
Rhode Island,2017,1,0,0.1333333333,0.1315789474,0.39,0.63,0.63,1.04,72000,0.297912713,0.75,0.14,0.855787476,0.12,1,4.4,0,90.7,31,225.2339492
Rhode Island,2018,1,0,0.1466666667,0.1315789474,0.39,0.63,0.63,1.06,"72,000",0.257879656,0.75,0.14,0.867239733,0.13,1,3.9,0,90.7,31,225.2339492
South Carolina,2013,0,1,0.5887096774,0.6086956522,,0.45,0.44,2.381805884,"124,000",0.200942588,0.78,0.35,0.704798629,0.19,5,7.6,0,66.3,14.4,324.8759837
South Carolina,2014,0,1,0.6290322581,0.6086956522,,0.45,0.44,2.397893306,"124,000",0.20794193,0.78,0.35,0.710503843,0.18,5,6.5,0,66.3,14.4,309.0104852
South Carolina,2015,0,1,0.6290322581,0.6086956522,,0.45,0.44,2.40599455,"124,000",0.176742233,0.78,0.35,0.70465995,0.17,5,5.9,0,66.3,15.7,230.6279697
South Carolina,2016,0,1,0.6290322581,0.6086956522,51.69%,0.45,0.44,2.46,"124,000",0.21438999,0.78,0.35,0.700938478,0.15,5,5,0,66.3,18.1,372.6242003
South Carolina,2017,0,1,0.6451612903,0.6086956522,0.55,0.45,0.44,2.48,"124,000",0.236145069,0.78,0.35,0.702322738,0.15,5,4.2,0,66.3,20.5,372.6242003
South Carolina,2018,0,1,0.6209677419,0.6086956522,0.55,0.45,0.44,2.52,"124,000",0.231542949,0.78,0.35,0.715550191,0.15,5,3.3,0,66.3,20.5,372.6242003
South Dakota,2013,0,1,0.7571428571,0.8,,0.45,0.40,1.282583885,"20,000",0.193939394,0.79,0.25,0.895757576,0.14,4,3.8,1,56.7,7.8,327.9006387
South Dakota,2014,0,1,0.7571428571,0.8,,0.45,0.40,1.152389152,"20,000",0.198564593,0.79,0.25,0.909090909,0.15,4,3.4,1,56.7,7.8,413.7860991
South Dakota,2015,0,1,0.8285714286,0.7714285714,,0.45,0.40,1.067824648,"20,000",0.19716647,0.79,0.25,0.885478158,0.13,4,3.1,1,56.7,8.4,191.0682158
South Dakota,2016,0,1,0.8285714286,0.7714285714,65.32%,0.45,0.40,1.07,"20,000",0.202830189,0.79,0.25,0.871462264,0.14,4,3,1,56.7,8.4,106.1050038
South Dakota,2017,0,1,0.8571428571,0.8285714286,0.62,0.45,0.40,1.22,"20,000",0.2,0.79,0.25,0.87251462,0.12,4,3.2,1,56.7,8.5,106.1050038
South Dakota,2018,0,1,0.8571428571,0.8285714286,0.62,0.45,0.40,1.24,"20,000",0.20206659,0.79,0.25,0.847301952,0.13,4,3,1,56.7,8.5,106.1050038
Tennessee,2013,0,1,0.7070707071,0.7878787879,,0.42,0.39,1.952465309,"113,000",0.185749844,0.81,0.52,0.810827629,0.18,6,7.8,0,66.4,19.5,203.5954754
Tennessee,2014,0,1,0.7171717172,0.7878787879,,0.42,0.39,1.881014117,"113,000",0.190520446,0.81,0.52,0.819702602,0.18,6,6.7,0,66.4,19.5,82.71484273
Tennessee,2015,0,1,0.7373737374,0.8484848485,,0.42,0.39,1.856326764,"113,000",0.203014457,0.81,0.52,0.807290065,0.17,6,5.6,0,66.4,22.2,215.3967523
Tennessee,2016,0,1,0.7373737374,0.8484848485,39.09%,0.42,0.39,1.86,"113,000",0.210247884,0.81,0.52,0.805471584,0.16,6,4.8,0,66.4,24.5,289.9252375
Tennessee,2017,0,1,0.7474747475,0.8484848485,0.61,0.42,0.39,1.85,"113,000",0.218160024,0.81,0.52,0.802067726,0.15,6,3.5,0,66.4,26.6,289.9252375
Tennessee,2018,0,1,0.7373737374,0.7878787879,0.61,0.42,0.39,1.93,"113,000",0.231698226,0.81,0.52,0.807663635,0.15,6,3.5,0,66.4,26.6,289.9252375
Texas,2013,0,1,0.6333333333,0.6129032258,,0.44,0.41,1.457002457,"759,000",0.186114196,0.77,0.31,0.827327385,0.18,7,6.3,0,84.7,9.7,402.7265018
Texas,2014,0,1,0.6333333333,0.6129032258,,0.44,0.41,1.420721375,"759,000",0.189304772,0.77,0.31,0.813003822,0.17,7,5.1,0,84.7,9.7,644.6065387
Texas,2015,0,1,0.6533333333,0.6451612903,,0.44,0.41,1.383790226,"759,000",0.203020197,0.77,0.31,0.817476674,0.16,7,4.4,0,84.7,9.4,169.272553
Texas,2016,0,1,0.66,0.6451612903,48.18%,0.44,0.41,1.33,"759,000",0.21856091,0.77,0.31,0.811584166,0.16,7,4.7,0,84.7,10.1,155.4847222
Texas,2017,0,1,0.6266666667,0.6451612903,0.52,0.44,0.41,1.28,"759,000",0.20872927,0.77,0.31,0.812443545,0.15,7,4.2,0,84.7,10.5,155.4847222
Texas,2018,0,1,0.6266666667,0.6451612903,0.52,0.44,0.41,1.32,"759,000",0.215188072,0.77,0.31,0.81264012,0.15,7,3.8,0,84.7,10.5,155.4847222
Utah,2013,0,1,0.8133333333,0.8275862069,,0.34,0.25,2.290556104,40000,0.189208129,0.73,0.07,0.954449895,0.13,8,4.6,1,90.6,22.4,545.4964558
Utah,2014,0,1,0.8133333333,0.8275862069,,0.34,0.25,2.371544167,40000,0.199791522,0.73,0.07,0.9485754,0.12,8,3.8,1,90.6,22.4,506.8553083
Utah,2015,0,1,0.84,0.7931034483,,0.34,0.25,2.39673913,40000,0.19187436,0.73,0.07,0.941959713,0.11,8,3.6,1,90.6,23.4,487.8005665
Utah,2016,0,1,0.84,0.8275862069,38.90%,0.34,0.25,2.36,40000,0.201663894,0.73,0.07,0.955740433,0.1,8,3.4,1,90.6,22.4,291.3306395
Utah,2017,0,1,0.8266666667,0.8275862069,0.46,0.34,0.25,2.32,40000,0.21461039,0.73,0.07,0.946103896,0.1,8,3.3,1,90.6,22.3,291.3306395
Utah,2018,1,1,0.8133333333,0.7931034483,0.46,0.34,0.25,2.36,40000,0.214627914,0.73,0.07,0.940594059,0.09,8,3.1,1,90.6,22.3,291.3306395
Vermont,2013,1,0,0.3,0.2,,0.67,0.67,1.274795268,0,0.261788618,0.54,0.11,0.975609756,0.13,1,4.4,0,38.9,13.9,81.938
Vermont,2014,1,0,0.3133333333,0.2333333333,,0.67,0.67,1.227667632,0,0.272580645,0.54,0.11,0.958064516,0.1,1,3.9,0,38.9,13.9,272.4010103
Vermont,2015,1,0,0.36,0.3,,0.67,0.67,1.174385736,0,0.307941653,0.54,0.11,0.969205835,0.1,1,3.5,0,38.9,16.7,362.4879736
Vermont,2016,1,0,0.3533333333,0.3,54.94%,0.67,0.67,1.17,0,0.319672131,0.54,0.11,0.973770492,0.11,1,3.2,0,38.9,22.2,412.1154142
Vermont,2017,1,1,0.3533333333,0.2333333333,0.30,0.67,0.67,1.2,0,0.285714286,0.54,0.11,0.966292135,0.11,1,3,0,38.9,23.2,412.1154142
Vermont,2018,1,1,0.3533333333,0.2333333333,0.30,0.67,0.67,1.15,0,0.301302932,0.54,0.11,0.956026059,0.11,1,2.7,0,38.9,23.2,412.1154142
Virginia,2013,0,1,0.67,0.5,,0.53,0.51,1,138000,0.264386469,0.73,0.3,0.737361128,0.12,5,5.7,0,75.5,11.7,170.3193828
Virginia,2014,0,0,0.67,0.5,,0.53,0.51,1,138000,0.261092776,0.73,0.3,0.729617406,0.12,5,5.2,0,75.5,11.7,153.0394949
Virginia,2015,0,0,0.67,0.525,,0.53,0.51,1,138000,0.276546797,0.73,0.3,0.728417484,0.11,5,4.4,0,75.5,12.4,141.6619177
Virginia,2016,0,0,0.66,0.525,61.53%,0.53,0.51,1,138000,0.275769746,0.73,0.3,0.73141049,0.11,5,4.1,0,75.5,16.7,92.22832951
Virginia,2017,0,0,0.66,0.525,0.44,0.53,0.51,1,138000,0.299571865,0.73,0.3,0.731253823,0.1,5,3.7,0,75.5,17.9,92.22832951
Virginia,2018,1,0,0.51,0.525,0.44,0.53,0.51,1,138000,0.309610264,0.73,0.3,0.720648753,0.11,5,2.9,0,75.5,17.9,92.22832951
Washington,2013,1,0,0.4387755102,0.4693877551,,0.58,0.56,1,608200,0.241524807,0.61,0.25,0.84839226,0.14,9,7,1,84.1,13.3,142.8782818
Washington,2014,1,0,0.4387755102,0.4897959184,,0.58,0.56,1,608200,0.233751093,0.61,0.25,0.853686972,0.13,9,6.1,1,84.1,13.3,261.9533371
Washington,2015,1,0,0.4387755102,0.5102040816,,0.58,0.56,1.00120072,608200,0.240225829,0.61,0.25,0.850952717,0.13,9,5.6,1,84.1,14.7,42.65484396
Washington,2016,1,0,0.4897959184,0.5102040816,60.72%,0.58,0.56,1,608200,0.258651842,0.61,0.25,0.844753301,0.11,9,5.3,1,84.1,14.5,229.469539
Washington,2017,1,0,0.4897959184,0.4897959184,0.37,0.58,0.56,1,608200,0.264081129,0.61,0.25,0.820885295,0.11,9,4.7,1,84.1,15.2,229.469539
Washington,2018,1,0,0.4897959184,0.4489795918,0.37,0.58,0.56,1,608200,0.271443937,0.61,0.25,0.812449583,0.1,9,4.4,1,84.1,15.2,229.469539
West Virginia,2013,1,0,0.46,0.2647058824,,0.43,0.36,2.576537911,183100,0.174972315,0.78,0.39,0.952380952,0.18,5,6.6,0,48.7,35.5,120.2792595
West Virginia,2014,1,0,0.47,0.2941176471,,0.43,0.36,2.459010723,183100,0.16202946,0.78,0.39,0.956355701,0.18,5,6.6,0,48.7,35.5,132.839557
West Virginia,2015,1,0,0.64,0.5294117647,,0.43,0.36,2.490401396,183100,0.161007667,0.78,0.39,0.955640745,0.18,5,6.9,0,48.7,41.5,223.9339614
West Virginia,2016,1,0,0.64,0.5294117647,52.23%,0.43,0.36,2.5,183100,0.160177976,0.78,0.39,0.958843159,0.18,5,6.1,0,48.7,52,89.07149902
West Virginia,2017,1,0,0.63,0.6470588235,0.69,0.43,0.36,2.55,183100,0.164277839,0.78,0.39,0.957001103,0.19,5,5.1,0,48.7,57.8,89.07149902
West Virginia,2018,1,1,0.63,0.6470588235,0.69,0.43,0.36,2.74,183100,0.149054505,0.78,0.39,0.957174638,0.18,5,5.2,0,48.7,57.8,89.07149902
Wisconsin,2013,0,1,0.6060606061,0.5454545455,,0.56,0.53,1.483854943,0,0.211402266,0.71,0.22,0.890934844,0.14,3,6.7,0,70.2,15.1,430.5778317
Wisconsin,2014,0,1,0.6060606061,0.5454545455,,0.56,0.53,1.442598925,0,0.21040483,0.71,0.22,0.91068892,0.13,3,5.3,0,70.2,15.1,379.4806588
Wisconsin,2015,0,1,0.6363636364,0.5757575758,,0.56,0.53,1.396357537,0,0.202018444,0.71,0.22,0.908299983,0.12,3,4.5,0,70.2,15.5,229.904969
Wisconsin,2016,0,1,0.6363636364,0.5757575758,45.54%,0.56,0.53,1.39,0,0.184907633,0.71,0.22,0.884280237,0.12,3,4,0,70.2,19.3,243.5653437
Wisconsin,2017,0,1,0.6464646465,0.6060606061,0.47,0.56,0.53,1.41,0,0.21383975,0.71,0.22,0.89316684,0.11,3,3.3,0,70.2,21.2,243.5653437
Wisconsin,2018,0,1,0.6262626263,0.5454545455,0.47,0.56,0.53,1.43,0,0.199176531,0.71,0.22,0.899982844,0.11,3,3,0,70.2,21.2,243.5653437
Wyoming,2013,0,1,0.8666666667,0.8666666667,,0.33,0.28,1,"12,000",0.14532872,0.71,0.27,0.94982699,0.11,8,4.6,1,64.8,19.4,2177.78629
Wyoming,2014,0,1,0.8666666667,0.8666666667,,0.33,0.28,1,"12,000",0.165517241,0.71,0.27,0.955172414,0.12,8,4.1,1,64.8,19.4,3679.43872
Wyoming,2015,0,1,0.59,0.8666666667,,0.33,0.28,1,"12,000",0.185314685,0.71,0.27,0.963286713,0.1,8,4.4,1,64.8,16.4,867.842534
Wyoming,2016,0,1,0.85,0.8666666667,30.27%,0.33,0.28,1,"12,000",0.191304348,0.71,0.27,0.963478261,0.12,8,5.5,1,64.8,17.6,-576.67122
Wyoming,2017,0,1,0.85,0.9,0.67,0.33,0.28,1,"12,000",0.173076923,0.71,0.27,0.963286713,0.12,8,4.1,1,64.8,12.2,-576.67122
Wyoming,2018,0,1,0.85,0.9,0.67,0.33,0.28,1,"12,000",0.174377224,0.71,0.27,0.934163701,0.11,8,4.1,1,64.8,12.2,-576.67122